segment,stimulus_id,n_respondents,P1,P2,P3,P4,P5,E,ci_low,ci_high
molodye_mamy_posle_rodov,rtb1,10,0.058887,0.259113,0.225361,0.211266,0.245373,3.325125,3.216160,3.441619
molodye_mamy_posle_rodov,rtb2,10,0.157996,0.314460,0.213238,0.105605,0.208702,2.892557,2.769509,3.022933
molodye_mamy_posle_rodov,rtb3,10,0.065610,0.239077,0.213151,0.189752,0.292410,3.404275,3.222523,3.559589
molodye_mamy_posle_rodov,rtb4,10,0.029281,0.169347,0.246899,0.288409,0.266064,3.592629,3.460903,3.727416
muzhchiny_rannee_poredenie,rtb1,10,0.122620,0.269333,0.204611,0.193989,0.209447,3.098308,2.869112,3.332686
muzhchiny_rannee_poredenie,rtb2,10,0.072226,0.254442,0.269835,0.183134,0.220362,3.224964,3.071970,3.382091
muzhchiny_rannee_poredenie,rtb3,10,0.116234,0.240980,0.209626,0.165955,0.267206,3.226919,2.991068,3.461045
muzhchiny_rannee_poredenie,rtb4,10,0.072981,0.195034,0.200383,0.280266,0.251337,3.441945,3.214731,3.638413
