segment,stimulus_id,n_respondents,P1,P2,P3,P4,P5,E,ci_low,ci_high
molodye_mamy_posle_rodov,rtb1,10,0.063343,0.263247,0.189240,0.359757,0.124414,3.218651,3.049323,3.398077
molodye_mamy_posle_rodov,rtb2,10,0.145034,0.324288,0.233242,0.271835,0.025602,2.708682,2.524537,2.909501
molodye_mamy_posle_rodov,rtb3,10,0.113051,0.239139,0.126742,0.230980,0.290089,3.345917,3.155796,3.514945
molodye_mamy_posle_rodov,rtb4,10,0.071893,0.225919,0.182597,0.344737,0.174854,3.324740,3.187157,3.466796
muzhchiny_rannee_poredenie,rtb1,10,0.189764,0.346122,0.162065,0.261333,0.040716,2.617117,2.434602,2.800770
muzhchiny_rannee_poredenie,rtb2,10,0.104392,0.283376,0.161447,0.364009,0.086776,3.045400,2.870617,3.227391
muzhchiny_rannee_poredenie,rtb3,10,0.176311,0.236147,0.129483,0.194082,0.263978,3.133271,2.896429,3.376738
muzhchiny_rannee_poredenie,rtb4,10,0.093337,0.203787,0.144984,0.375603,0.182290,3.349724,3.075210,3.579601
